{
    "#partitionKey": "ip",
    "#sortKey": "ts",
    "mfd": {
        "request": "key",
        "db": "primaryKey",
        "type": "dict",
        "map": {
            "yr": {
                "request": "year",
                "db": "year",
                "type": "int"
            },
            "mnth": {
                "request": "month",
                "db": "month",
                "type": "int"
            },
            "day": {
                "request": "day",
                "db": "day",
                "type": "int"
            },
            "wd": {
                "request": "weekday",
                "db": "weekday",
                "type": "int"
            },
            "hr": {
                "request": "hour",
                "db": "hour",
                "type": "int"
            },
            "min": {
                "request": "minute",
                "db": "minute",
                "type": "int"
            }
        }
    },
    "ip": {
        "request": "ip",
        "db": "ip",
        "type": "str"
    },
    "ts": {
        "request": "time",
        "db": "timestamp",
        "type": "float"
    },
    "conf": {
        "request": "confirmed",
        "db": "confirmed",
        "type": "dict",
        "map": {
            "level": {
                "request": "level",
                "db": "level",
                "type": "int"
            }
        }
    }
}