{
    "collectExtraValues": false,
    "removeExtraValues": false,
    "red": {
        "require": true,
        "type": "int",
        "strictValueCheck": false,
        "strictTypeCheck": false,
        "range": [0,255]
    },
    "blue": {
        "require": true,
        "type": "int",
        "strictValueCheck": false,
        "strictTypeCheck": false,
        "range": [0,255]
    },
    "green": {
        "require": true,
        "type": "int",
        "strictValueCheck": false,
        "strictTypeCheck": false,
        "range": [0,255]
    }
    
}