{
    "custom-properties": {
        "request": "custom-properties",
        "db": "custom-properties",
        "map": {}
    },
    "hubid": {
        "request": "hubid",
        "db": "hubid"
    },
    "ip": {
        "request": "ip",
        "db": "ip"
    },
    "latitude": {
        "request": "latitude",
        "db": "latitude"
    },
    "longitude": {
        "request": "longitude",
        "db": "longitude"
    },
    "primary": {
        "request": "key",
        "db": "primaryKey"
    },
    "status": {
        "request": "status",
        "db": "status"
    },
    "secondary": {
        "request": "secondaryKey",
        "db": "secondaryKey"
    }
}