{
    "members": {
        "request": "members",
        "db": "members",
        "type": "dict",
        "map": {"lcms": {
            "request": "lcms",
            "db": "lcms",
            "type": "list"
        },
        "groups": {
            "request": "groups",
            "db": "groups",
            "type": "list"
        }
    }
    },
    "groupName": {
        "request": "name",
        "db": "groupName",
        "type": "str"
    },
    "description": {
        "request": "description",
        "db": "description",
        "type": "str"
    }
}