{
    "collectExtraValues": false,
    "removeExtraValues": false,

    "members": {
        "require": false,
        "type": "dict",
        "content": {
            "lcms": {
                "require": false,
                "type": "list"
            },
            "groups": {
                "require": false,
                "type": "list"
            }
        }
    },
    "name": {
        "require": true,
        "type": "str",
        "strictValueCheck": false,
        "strictTypeCheck": false
    },
    "description": {
        "require": false,
        "type": "str",
        "strictValueCheck": true,
        "strictTypeCheck": false
    }
}