{
    "ip": {
        "request": "ip",
        "db": "ip",
        "type": "S"
    },
    "primary": {
        "request": "key",
        "db": "primaryKey",
        "type": "S"
    },
    "batch": {
        "request": "batch",
        "db": "batch",
        "type": "S"
    },
    "firmware": {
        "request": "firmware",
        "db": "firmware",
        "type": "S"
    },
    "manufacturingDate": {
        "request": "mfd",
        "db": "mfd",
        "type": "M",
        "map": {
            "year": {
                "request": "year",
                "db": "year",
                "type": "N"
            },
            "month": {
                "request": "month",
                "db": "month",
                "type": "N"
            },
            "day": {
                "request": "day",
                "db": "day",
                "type": "N"
            },
            "weekday": {
                "request": "weekday",
                "db": "weekday",
                "type": "N"
            },
            "hour": {
                "request": "hour",
                "db": "hour",
                "type": "N"
            },
            "minute": {
                "request": "minute",
                "db": "minute",
                "type": "N"
            },
            "second": {
                "request": "second",
                "db": "second",
                "type": "N"
            },
            "timestamp": {
                "request": "timestamp",
                "db": "timestamp",
                "type": "N"
            }
        }
    }
}