{
    "collectExtraValues": false,
    "removeExtraValues": false,

    "batch": {
        "require": true,
        "type": "str",
        "strictValueCheck": false,
        "strictTypeCheck": false
    },
    "ip": {
        "require": true,
        "type": "str",
        "strictValueCheck": true,
        "strictTypeCheck": false
    },
    "firmware": {
        "require": true,
        "type": "str",
        "strictValueCheck": false,
        "strictTypeCheck": false
    }
}