{
    "custom-properties": {
        "request": "custom-properties",
        "db": "custom-properties",
        "map": {}
    },
    "hubid": {
        "request": "hubid",
        "db": "hubid"
    },
    "ip": {
        "request": "ip",
        "db": "ip"
    },
    "latitude": {
        "request": "latitude",
        "db": "latitude"
    },
    "longitude": {
        "request": "longitude",
        "db": "longitude"
    },
    "primary": {
        "request": "key",
        "db": "primaryKey"
    },
    "status": {
        "request": "status",
        "db": "status"
    },
    "secondary": {
        "request": "secondaryKey",
        "db": "secondaryKey"
    },
    "rssi": {
        "request": "rssi",
        "db": "rssi"
    },
    "uplink":{
        "request": "uplink",
        "db": "uplink"
    },
    "rgb":{
        "request": "rgb",
        "db": "rgb",
        "map": {
            "red": {
                "request": "red",
                "db": "red"
            },
            "blue": {
                "request": "blue",
                "db": "blue"
            },
            "green": {
                "request": "green",
                "db": "green"
            }
        }
    }
}