{
    "collectExtraValues": false,
    "removeExtraValues": false,

    "custom-properties": {
        "require": false,
        "type": "dict"
    },
    "hubid": {
        "require": true,
        "type": "str",
        "strictValueCheck": false,
        "strictTypeCheck": false
    },
    "key": {
        "require": true,
        "type": "str",
        "strictValueCheck": true,
        "strictTypeCheck": false
    },
    "latitude": {
        "require": true,
        "type": "float",
        "strictValueCheck": true,
        "strictTypeCheck": false
    },
    "longitude": {
        "require": true,
        "type": "float",
        "strictValueCheck": true,
        "strictTypeCheck": false
    }
}