{
    "collectExtraValues": false,
    "removeExtraValues": false,

    "firmware-file": {
        "require": true,
        "type": "str",
        "strictValueCheck": false,
        "strictTypeCheck": false
    },
    "vendor-id": {
        "require": false,
        "type": "str",
        "strictValueCheck": false,
        "strictTypeCheck": false
    },
    "product-id": {
        "require": false,
        "type": "str",
        "strictValueCheck": false,
        "strictTypeCheck": false
    }
}