{
    "#primaryKey": "pk",
    "pk": {
        "request": "key",
        "db": "primaryKey",
        "type": "str"
    },
    "mfd": {
        "request": "key",
        "db": "primaryKey",
        "type": "dict",
        "map": {
            "yr": {
                "request": "year",
                "db": "years",
                "type": "int"
            },
            "mnth": {
                "request": "month",
                "db": "months",
                "type": "int"
            },
            "day": {
                "request": "day",
                "db": "days",
                "type": "int"
            },
            "wd": {
                "request": "weekday",
                "db": "weekdays",
                "type": "int"
            },
            "hr": {
                "request": "hour",
                "db": "hours",
                "type": "int"
            },
            "ts": {
                "request": "timestamp",
                "db": "timestamps",
                "type": "float"
            }
        }
    },
    "ip": {
        "request": "ip",
        "db": "ip",
        "type": "str"
    },
    "fw": {
        "request": "firmware",
        "db": "firmware",
        "type": "str"
    }
}