{
    "collectExtraValues": false,
    "removeExtraValues": false,

    "name": {
        "require": true,
        "type": "str",
        "strictValueCheck": false,
        "strictTypeCheck": false
    },

    "add": {
        "require": false,
        "type": "dict",
        "content":{
            "members": {
                "require": false,
                "type": "dict",
                "content": {
                    "lcms": {
                        "require": false,
                        "type": "list"
                    },
                    "groups": {
                        "require": false,
                        "type": "list"
                    }
                }
            },
    
            "description": {
                "require": false,
                "type": "str",
                "strictValueCheck": true,
                "strictTypeCheck": false
            }
        }
    },

    "remove": {
        "require": false,
        "type": "dict",
        "content":{
            "members": {
                "require": false,
                "type": "dict",
                "content": {
                    "lcms": {
                        "require": false,
                        "type": "list"
                    },
                    "groups": {
                        "require": false,
                        "type": "list"
                    }
                }
            },
    
            "description": {
                "require": false,
                "type": "str",
                "strictValueCheck": true,
                "strictTypeCheck": false
            }
        }
    }
}